
{
  "schemaVersion": 1,
  "deviceProperties": [
    {
      "id": 0, "name": "NVIDIA L40S", "totalGlobalMem": 47803596800,
      "computeMajor": 8, "computeMinor": 9,
      "maxThreadsPerBlock": 1024, "maxThreadsPerMultiprocessor": 1536,
      "regsPerBlock": 65536, "warpSize": 32,
      "sharedMemPerBlock": 49152, "numSms": 142
    , "regsPerMultiprocessor": 65536, "sharedMemPerBlockOptin": 101376, "sharedMemPerMultiprocessor": 102400
    },
    {
      "id": 1, "name": "NVIDIA L40S", "totalGlobalMem": 47803596800,
      "computeMajor": 8, "computeMinor": 9,
      "maxThreadsPerBlock": 1024, "maxThreadsPerMultiprocessor": 1536,
      "regsPerBlock": 65536, "warpSize": 32,
      "sharedMemPerBlock": 49152, "numSms": 142
    , "regsPerMultiprocessor": 65536, "sharedMemPerBlockOptin": 101376, "sharedMemPerMultiprocessor": 102400
    }
  ],
  "record_shapes": 1,
  "with_stack": 1,
  "traceEvents": [
  {
    "ph": "X", "cat": "cpu_op", "name": "aten::conv2d", "pid": 1215196, "tid": 1215196,
    "ts": 6141676293091.106, "dur": 361.302,
    "args": {
      "External id": 1,"Sequence number": 41, "Fwd thread id": 0, "Record function id": 0, "Concrete Inputs": ["", "", "", "[1, 1]", "[1, 1]", "[1, 1]", "1"], "Input type": ["float", "float", "float", "ScalarList", "ScalarList", "ScalarList", "Scalar"], "Input Strides": [[150528, 50176, 224, 1], [27, 9, 3, 1], [1], [], [], [], []], "Input Dims": [[1, 3, 224, 224], [64, 3, 3, 3], [64], [], [], [], []], "Ev Idx": 0
    }
  },
  {
    "ph": "X", "cat": "cpu_op", "name": "aten::convolution", "pid": 1215196, "tid": 1215196,
    "ts": 6141676293099.266, "dur": 339.531,
    "args": {
      "External id": 2,"Sequence number": 41, "Fwd thread id": 0, "Record function id": 0, "Concrete Inputs": ["", "", "", "[1, 1]", "[1, 1]", "[1, 1]", "False", "[0, 0]", "1"], "Input type": ["float", "float", "float", "ScalarList", "ScalarList", "ScalarList", "Scalar", "ScalarList", "Scalar"], "Input Strides": [[150528, 50176, 224, 1], [27, 9, 3, 1], [1], [], [], [], [], [], []], "Input Dims": [[1, 3, 224, 224], [64, 3, 3, 3], [64], [], [], [], [], [], []], "Ev Idx": 1
    }
  },
  {
    "ph": "X", "cat": "cpu_op", "name": "aten::_convolution", "pid": 1215196, "tid": 1215196,
    "ts": 6141676293129.595, "dur": 278.957,
    "args": {
      "External id": 3,"Record function id": 0, "Concrete Inputs": ["", "", "", "[1, 1]", "[1, 1]", "[1, 1]", "False", "[0, 0]", "1", "False", "False", "True", "True"], "Input type": ["float", "float", "float", "ScalarList", "ScalarList", "ScalarList", "Scalar", "ScalarList", "Scalar", "Scalar", "Scalar", "Scalar", "Scalar"], "Input Strides": [[150528, 50176, 224, 1], [27, 9, 3, 1], [1], [], [], [], [], [], [], [], [], [], []], "Input Dims": [[1, 3, 224, 224], [64, 3, 3, 3], [64], [], [], [], [], [], [], [], [], [], []], "Ev Idx": 2
    }
  },
  {
    "ph": "X", "cat": "python_function", "name": "threading.py(995): _bootstrap", "pid": 0, "tid": 0,
    "ts": 6141676292693.175, "dur": 1816.446,
    "args": {
      "Python parent id": null, "Python id": 1, "Ev Idx": 3
    }
  },
  {
    "ph": "X", "cat": "python_function", "name": "threading.py(1038): _bootstrap_inner", "pid": 0, "tid": 0,
    "ts": 6141676292695.335, "dur": 1814.286,
    "args": {
      "Python parent id": 1, "Python id": 2, "Ev Idx": 4
    }
  },
  {
    "ph": "X", "cat": "python_function", "name": "tqdm/_monitor.py(60): run", "pid": 0, "tid": 0,
    "ts": 6141676292699.737, "dur": 1809.884,
    "args": {
      "Python parent id": 2, "Python id": 3, "Ev Idx": 5
    }
  },
  {
    "ph": "X", "cat": "python_function", "name": "threading.py(622): wait", "pid": 0, "tid": 0,
    "ts": 6141676292701.652, "dur": 1807.969,
    "args": {
      "Python parent id": 3, "Python id": 4, "Ev Idx": 6
    }
  },
  {
    "ph": "X", "cat": "python_function", "name": "threading.py(324): wait", "pid": 0, "tid": 0,
    "ts": 6141676292703.748, "dur": 1805.873,
    "args": {
      "Python parent id": 4, "Python id": 5, "Ev Idx": 7
    }
  },
  {
    "ph": "X", "cat": "python_function", "name": "mapping.py(43): <module>", "pid": 1215196, "tid": 1215196,
    "ts": 6141676292712.206, "dur": 1797.415,
    "args": {
      "Python parent id": null, "Python id": 6, "Ev Idx": 8
    }
  },
  {
    "ph": "X", "cat": "python_function", "name": "torch/profiler/profiler.py(744): __enter__", "pid": 1215196, "tid": 1215196,
    "ts": 6141676292713.128, "dur": 152.605,
    "args": {
      "Python parent id": 6, "Python id": 7, "Ev Idx": 9
    }
  },
  {
    "ph": "X", "cat": "python_function", "name": "torch/profiler/profiler.py(754): start", "pid": 1215196, "tid": 1215196,
    "ts": 6141676292713.757, "dur": 151.527,
    "args": {
      "Python parent id": 7, "Python id": 8, "Ev Idx": 10
    }
  },
  {
    "ph": "X", "cat": "python_function", "name": "torch/profiler/profiler.py(793): _transit_action", "pid": 1215196, "tid": 1215196,
    "ts": 6141676292714.928, "dur": 147.087,
    "args": {
      "Python parent id": 8, "Python id": 9, "Ev Idx": 11
    }
  },
  {
    "ph": "X", "cat": "python_function", "name": "torch/profiler/profiler.py(174): start_trace", "pid": 1215196, "tid": 1215196,
    "ts": 6141676292715.962, "dur": 144.258,
    "args": {
      "Python parent id": 9, "Python id": 10, "Ev Idx": 12
    }
  },
  {
    "ph": "X", "cat": "python_function", "name": "torch/autograd/profiler.py(339): _start_trace", "pid": 1215196, "tid": 1215196,
    "ts": 6141676292717.353, "dur": 38.425,
    "args": {
      "Python parent id": 10, "Python id": 11, "Ev Idx": 13
    }
  },
  {
    "ph": "X", "cat": "python_function", "name": "<built-in function perf_counter_ns>", "pid": 1215196, "tid": 1215196,
    "ts": 6141676292752.808, "dur": 0.860,
    "args": {
      "Python parent id": 11, "Python id": 12, "Ev Idx": 14
    }
  },
  {
    "ph": "X", "cat": "python_function", "name": "torch/profiler/profiler.py(304): add_metadata_json", "pid": 1215196, "tid": 1215196,
    "ts": 6141676292759.004, "dur": 11.312,
    "args": {
      "Python parent id": 10, "Python id": 13, "Ev Idx": 15
    }
  },
  {
    "ph": "X", "cat": "python_function", "name": "<built-in method _add_metadata_json of PyCapsule object at 0x7fe07bcca940>", "pid": 1215196, "tid": 1215196,
    "ts": 6141676292765.908, "dur": 4.178,
    "args": {
      "Python parent id": 13, "Python id": 14, "Ev Idx": 16
    }
  },
  {
    "ph": "X", "cat": "python_function", "name": "torch/profiler/profiler.py(304): add_metadata_json", "pid": 1215196, "tid": 1215196,
    "ts": 6141676292771.088, "dur": 0.723,
    "args": {
      "Python parent id": 10, "Python id": 15, "Ev Idx": 17
    }
  },
  {
    "ph": "X", "cat": "python_function", "name": "<built-in method _add_metadata_json of PyCapsule object at 0x7fe07bcca940>", "pid": 1215196, "tid": 1215196,
    "ts": 6141676292771.381, "dur": 0.402,
    "args": {
      "Python parent id": 15, "Python id": 16, "Ev Idx": 18
    }
  },
  {
    "ph": "X", "cat": "python_function", "name": "<built-in method kineto_available of PyCapsule object at 0x7fe07bcca9a0>", "pid": 1215196, "tid": 1215196,
    "ts": 6141676292779.982, "dur": 0.357,
    "args": {
      "Python parent id": 10, "Python id": 17, "Ev Idx": 19
    }
  },
  {
    "ph": "X", "cat": "python_function", "name": "torch/profiler/profiler.py(319): _get_distributed_info", "pid": 1215196, "tid": 1215196,
    "ts": 6141676292787.142, "dur": 34.833,
    "args": {
      "Python parent id": 10, "Python id": 18, "Ev Idx": 20
    }
  },
  {
    "ph": "X", "cat": "python_function", "name": "torch/distributed/__init__.py(14): is_available", "pid": 1215196, "tid": 1215196,
    "ts": 6141676292795.935, "dur": 4.340,
    "args": {
      "Python parent id": 18, "Python id": 19, "Ev Idx": 21
    }
  },
  {
    "ph": "X", "cat": "python_function", "name": "<built-in function hasattr>", "pid": 1215196, "tid": 1215196,
    "ts": 6141676292798.514, "dur": 1.647,
    "args": {
      "Python parent id": 19, "Python id": 20, "Ev Idx": 22
    }
  },
  {
    "ph": "X", "cat": "python_function", "name": "torch/distributed/distributed_c10d.py(1121): is_initialized", "pid": 1215196, "tid": 1215196,
    "ts": 6141676292805.033, "dur": 16.814,
    "args": {
      "Python parent id": 18, "Python id": 21, "Ev Idx": 23
    }
  },
  {
    "ph": "X", "cat": "python_function", "name": "torch/distributed/distributed_c10d.py(705): WORLD", "pid": 1215196, "tid": 1215196,
    "ts": 6141676292814.598, "dur": 7.093,
    "args": {
      "Python parent id": 21, "Python id": 22, "Ev Idx": 24
    }
  },
  {
    "ph": "X", "cat": "python_function", "name": "torch/distributed/distributed_c10d.py(576): default_pg", "pid": 1215196, "tid": 1215196,
    "ts": 6141676292820.705, "dur": 0.784,
    "args": {
      "Python parent id": 22, "Python id": 23, "Ev Idx": 25
    }
  },
  {
    "ph": "X", "cat": "python_function", "name": "<built-in function hasattr>", "pid": 1215196, "tid": 1215196,
    "ts": 6141676292822.792, "dur": 1.107,
    "args": {
      "Python parent id": 10, "Python id": 24, "Ev Idx": 26
    }
  },
  {
    "ph": "X", "cat": "python_function", "name": "torch/utils/_config_module.py(379): __getattr__", "pid": 1215196, "tid": 1215196,
    "ts": 6141676292843.902, "dur": 11.662,
    "args": {
      "Python parent id": 10, "Python id": 25, "Ev Idx": 27
    }
  },
  {
    "ph": "X", "cat": "python_function", "name": "torch/utils/_config_module.py(148): __getattr__", "pid": 1215196, "tid": 1215196,
    "ts": 6141676292851.710, "dur": 3.757,
    "args": {
      "Python parent id": 25, "Python id": 26, "Ev Idx": 28
    }
  },
  {
    "ph": "X", "cat": "python_function", "name": "<built-in method items of dict object at 0x7fe15aeec940>", "pid": 1215196, "tid": 1215196,
    "ts": 6141676292859.294, "dur": 0.245,
    "args": {
      "Python parent id": 10, "Python id": 27, "Ev Idx": 29
    }
  },
  {
    "ph": "X", "cat": "python_function", "name": "nn.Module: VGG_0", "pid": 1215196, "tid": 1215196,
    "ts": 6141676292882.016, "dur": 612.855,
    "args": {
      "Python parent id": 6, "Python id": 28, "Python module id": 0, "Ev Idx": 30
    }
  },
  {
    "ph": "X", "cat": "python_function", "name": "torch/nn/modules/module.py(1740): _call_impl", "pid": 1215196, "tid": 1215196,
    "ts": 6141676292892.994, "dur": 601.568,
    "args": {
      "Python parent id": 28, "Python id": 29, "Ev Idx": 31
    }
  },
  {
    "ph": "X", "cat": "python_function", "name": "<built-in method _get_tracing_state of PyCapsule object at 0x7fe07c70bc00>", "pid": 1215196, "tid": 1215196,
    "ts": 6141676292895.918, "dur": 1.406,
    "args": {
      "Python parent id": 29, "Python id": 30, "Ev Idx": 32
    }
  },
  {
    "ph": "X", "cat": "python_function", "name": "torchvision/models/vgg.py(65): forward", "pid": 1215196, "tid": 1215196,
    "ts": 6141676292907.480, "dur": 586.962,
    "args": {
      "Python parent id": 29, "Python id": 31, "Ev Idx": 33
    }
  },
  {
    "ph": "X", "cat": "python_function", "name": "torch/nn/modules/module.py(1918): __getattr__", "pid": 1215196, "tid": 1215196,
    "ts": 6141676292912.529, "dur": 5.711,
    "args": {
      "Python parent id": 31, "Python id": 32, "Ev Idx": 34
    }
  },
  {
    "ph": "X", "cat": "python_function", "name": "nn.Module: Sequential_0", "pid": 1215196, "tid": 1215196,
    "ts": 6141676292928.372, "dur": 565.963,
    "args": {
      "Python parent id": 31, "Python id": 33, "Python module id": 0, "Ev Idx": 35
    }
  },
  {
    "ph": "X", "cat": "python_function", "name": "torch/nn/modules/module.py(1740): _call_impl", "pid": 1215196, "tid": 1215196,
    "ts": 6141676292930.284, "dur": 563.869,
    "args": {
      "Python parent id": 33, "Python id": 34, "Ev Idx": 36
    }
  },
  {
    "ph": "X", "cat": "python_function", "name": "<built-in method _get_tracing_state of PyCapsule object at 0x7fe07c70bc00>", "pid": 1215196, "tid": 1215196,
    "ts": 6141676292930.574, "dur": 0.179,
    "args": {
      "Python parent id": 34, "Python id": 35, "Ev Idx": 37
    }
  },
  {
    "ph": "X", "cat": "python_function", "name": "torch/nn/modules/container.py(248): forward", "pid": 1215196, "tid": 1215196,
    "ts": 6141676292935.061, "dur": 558.898,
    "args": {
      "Python parent id": 34, "Python id": 36, "Ev Idx": 38
    }
  },
  {
    "ph": "X", "cat": "python_function", "name": "torch/nn/modules/container.py(240): __iter__", "pid": 1215196, "tid": 1215196,
    "ts": 6141676292937.089, "dur": 5.305,
    "args": {
      "Python parent id": 36, "Python id": 37, "Ev Idx": 39
    }
  },
  {
    "ph": "X", "cat": "python_function", "name": "<built-in method values of dict object at 0x7fe06de75fc0>", "pid": 1215196, "tid": 1215196,
    "ts": 6141676292940.284, "dur": 0.350,
    "args": {
      "Python parent id": 37, "Python id": 38, "Ev Idx": 40
    }
  },
  {
    "ph": "X", "cat": "python_function", "name": "<built-in function iter>", "pid": 1215196, "tid": 1215196,
    "ts": 6141676292941.963, "dur": 0.328,
    "args": {
      "Python parent id": 37, "Python id": 39, "Ev Idx": 41
    }
  },
  {
    "ph": "X", "cat": "python_function", "name": "nn.Module: Conv2d_0", "pid": 1215196, "tid": 1215196,
    "ts": 6141676292968.852, "dur": 524.809,
    "args": {
      "Python parent id": 36, "Python id": 40, "Python module id": 0, "Ev Idx": 42
    }
  },
  {
    "ph": "X", "cat": "python_function", "name": "torch/nn/modules/module.py(1740): _call_impl", "pid": 1215196, "tid": 1215196,
    "ts": 6141676292970.076, "dur": 523.374,
    "args": {
      "Python parent id": 40, "Python id": 41, "Ev Idx": 43
    }
  },
  {
    "ph": "X", "cat": "python_function", "name": "<built-in method _get_tracing_state of PyCapsule object at 0x7fe07c70bc00>", "pid": 1215196, "tid": 1215196,
    "ts": 6141676292970.332, "dur": 0.162,
    "args": {
      "Python parent id": 41, "Python id": 42, "Ev Idx": 44
    }
  },
  {
    "ph": "X", "cat": "python_function", "name": "torch/nn/modules/conv.py(553): forward", "pid": 1215196, "tid": 1215196,
    "ts": 6141676292974.344, "dur": 518.475,
    "args": {
      "Python parent id": 41, "Python id": 43, "Ev Idx": 45
    }
  },
  {
    "ph": "X", "cat": "python_function", "name": "torch/nn/modules/module.py(1918): __getattr__", "pid": 1215196, "tid": 1215196,
    "ts": 6141676292976.808, "dur": 0.449,
    "args": {
      "Python parent id": 43, "Python id": 44, "Ev Idx": 46
    }
  },
  {
    "ph": "X", "cat": "python_function", "name": "torch/nn/modules/module.py(1918): __getattr__", "pid": 1215196, "tid": 1215196,
    "ts": 6141676292978.572, "dur": 0.176,
    "args": {
      "Python parent id": 43, "Python id": 45, "Ev Idx": 47
    }
  },
  {
    "ph": "X", "cat": "python_function", "name": "torch/nn/modules/conv.py(536): _conv_forward", "pid": 1215196, "tid": 1215196,
    "ts": 6141676292982.528, "dur": 510.040,
    "args": {
      "Python parent id": 43, "Python id": 46, "Ev Idx": 48
    }
  },
  {
    "ph": "X", "cat": "python_function", "name": "<built-in method conv2d of type object at 0x7fe14b96f240>", "pid": 1215196, "tid": 1215196,
    "ts": 6141676292992.163, "dur": 499.939,
    "args": {
      "Python parent id": 46, "Python id": 47, "Ev Idx": 49
    }
  },
  {
    "ph": "X", "cat": "python_function", "name": "torch/profiler/profiler.py(747): __exit__", "pid": 1215196, "tid": 1215196,
    "ts": 6141676293500.286, "dur": 1009.335,
    "args": {
      "Python parent id": 6, "Python id": 48, "Ev Idx": 50
    }
  },
  {
    "ph": "X", "cat": "python_function", "name": "torch/profiler/profiler.py(761): stop", "pid": 1215196, "tid": 1215196,
    "ts": 6141676293503.749, "dur": 1005.872,
    "args": {
      "Python parent id": 48, "Python id": 49, "Ev Idx": 51
    }
  },
  {
    "ph": "X", "cat": "python_function", "name": "torch/profiler/profiler.py(789): _transit_action", "pid": 1215196, "tid": 1215196,
    "ts": 6141676293504.576, "dur": 1005.045,
    "args": {
      "Python parent id": 49, "Python id": 50, "Ev Idx": 52
    }
  },
  {
    "ph": "X", "cat": "python_function", "name": "<built-in method get of dict object at 0x7fe06dceb880>", "pid": 1215196, "tid": 1215196,
    "ts": 6141676293506.598, "dur": 4.474,
    "args": {
      "Python parent id": 50, "Python id": 51, "Ev Idx": 53
    }
  },
  {
    "ph": "X", "cat": "python_function", "name": "enum.py(1224): __hash__", "pid": 1215196, "tid": 1215196,
    "ts": 6141676293508.661, "dur": 1.524,
    "args": {
      "Python parent id": 51, "Python id": 52, "Ev Idx": 54
    }
  },
  {
    "ph": "X", "cat": "python_function", "name": "<built-in function hash>", "pid": 1215196, "tid": 1215196,
    "ts": 6141676293509.906, "dur": 0.225,
    "args": {
      "Python parent id": 52, "Python id": 53, "Ev Idx": 55
    }
  },
  {
    "ph": "X", "cat": "python_function", "name": "torch/profiler/profiler.py(208): stop_trace", "pid": 1215196, "tid": 1215196,
    "ts": 6141676293512.726, "dur": 996.895,
    "args": {
      "Python parent id": 50, "Python id": 54, "Ev Idx": 56
    }
  },
  {
    "ph": "X", "cat": "python_function", "name": "torch/autograd/profiler.py(344): __exit__", "pid": 1215196, "tid": 1215196,
    "ts": 6141676293518.434, "dur": 991.187,
    "args": {
      "Python parent id": 54, "Python id": 55, "Ev Idx": 57
    }
  },
  {
    "ph": "X", "cat": "python_function", "name": "<built-in function hasattr>", "pid": 1215196, "tid": 1215196,
    "ts": 6141676293519.178, "dur": 0.383,
    "args": {
      "Python parent id": 55, "Python id": 56, "Ev Idx": 58
    }
  },
  {
    "ph": "X", "cat": "python_function", "name": "<built-in function getattr>", "pid": 1215196, "tid": 1215196,
    "ts": 6141676293520.188, "dur": 0.091,
    "args": {
      "Python parent id": 55, "Python id": 57, "Ev Idx": 59
    }
  },
  {
    "ph": "X", "cat": "python_function", "name": "<built-in function hasattr>", "pid": 1215196, "tid": 1215196,
    "ts": 6141676293527.235, "dur": 0.244,
    "args": {
      "Python parent id": 55, "Python id": 58, "Ev Idx": 60
    }
  },
  {
    "ph": "X", "cat": "python_function", "name": "torch/cuda/__init__.py(944): synchronize", "pid": 1215196, "tid": 1215196,
    "ts": 6141676293530.655, "dur": 978.966,
    "args": {
      "Python parent id": 55, "Python id": 59, "Ev Idx": 61
    }
  },
  {
    "ph": "X", "cat": "python_function", "name": "torch/cuda/__init__.py(289): _lazy_init", "pid": 1215196, "tid": 1215196,
    "ts": 6141676293536.573, "dur": 3.147,
    "args": {
      "Python parent id": 59, "Python id": 60, "Ev Idx": 62
    }
  },
  {
    "ph": "X", "cat": "python_function", "name": "torch/cuda/__init__.py(242): is_initialized", "pid": 1215196, "tid": 1215196,
    "ts": 6141676293537.540, "dur": 1.909,
    "args": {
      "Python parent id": 60, "Python id": 61, "Ev Idx": 63
    }
  },
  {
    "ph": "X", "cat": "python_function", "name": "<built-in function _cuda_isInBadFork>", "pid": 1215196, "tid": 1215196,
    "ts": 6141676293538.806, "dur": 0.523,
    "args": {
      "Python parent id": 61, "Python id": 62, "Ev Idx": 64
    }
  },
  {
    "ph": "X", "cat": "python_function", "name": "torch/cuda/__init__.py(439): __init__", "pid": 1215196, "tid": 1215196,
    "ts": 6141676293547.140, "dur": 915.016,
    "args": {
      "Python parent id": 59, "Python id": 63, "Ev Idx": 65
    }
  },
  {
    "ph": "X", "cat": "python_function", "name": "torch/cuda/_utils.py(9): _get_device_index", "pid": 1215196, "tid": 1215196,
    "ts": 6141676293551.927, "dur": 907.211,
    "args": {
      "Python parent id": 63, "Python id": 64, "Ev Idx": 66
    }
  },
  {
    "ph": "X", "cat": "python_function", "name": "<built-in function isinstance>", "pid": 1215196, "tid": 1215196,
    "ts": 6141676293553.600, "dur": 0.216,
    "args": {
      "Python parent id": 64, "Python id": 65, "Ev Idx": 67
    }
  },
  {
    "ph": "X", "cat": "python_function", "name": "<built-in function isinstance>", "pid": 1215196, "tid": 1215196,
    "ts": 6141676293554.142, "dur": 0.074,
    "args": {
      "Python parent id": 64, "Python id": 66, "Ev Idx": 68
    }
  },
  {
    "ph": "X", "cat": "python_function", "name": "<built-in function isinstance>", "pid": 1215196, "tid": 1215196,
    "ts": 6141676293555.840, "dur": 0.075,
    "args": {
      "Python parent id": 64, "Python id": 67, "Ev Idx": 69
    }
  },
  {
    "ph": "X", "cat": "python_function", "name": "torch/_jit_internal.py(103): is_scripting", "pid": 1215196, "tid": 1215196,
    "ts": 6141676293560.774, "dur": 0.278,
    "args": {
      "Python parent id": 64, "Python id": 68, "Ev Idx": 70
    }
  },
  {
    "ph": "X", "cat": "python_function", "name": "<built-in function isinstance>", "pid": 1215196, "tid": 1215196,
    "ts": 6141676293561.354, "dur": 0.030,
    "args": {
      "Python parent id": 64, "Python id": 69, "Ev Idx": 71
    }
  },
  {
    "ph": "X", "cat": "python_function", "name": "torch/_utils.py(773): _get_device_index", "pid": 1215196, "tid": 1215196,
    "ts": 6141676293568.530, "dur": 890.497,
    "args": {
      "Python parent id": 64, "Python id": 70, "Ev Idx": 72
    }
  },
  {
    "ph": "X", "cat": "python_function", "name": "<built-in function isinstance>", "pid": 1215196, "tid": 1215196,
    "ts": 6141676293571.042, "dur": 0.065,
    "args": {
      "Python parent id": 70, "Python id": 71, "Ev Idx": 73
    }
  },
  {
    "ph": "X", "cat": "python_function", "name": "<built-in function isinstance>", "pid": 1215196, "tid": 1215196,
    "ts": 6141676293572.011, "dur": 0.032,
    "args": {
      "Python parent id": 70, "Python id": 72, "Ev Idx": 74
    }
  },
  {
    "ph": "X", "cat": "python_function", "name": "<built-in function isinstance>", "pid": 1215196, "tid": 1215196,
    "ts": 6141676293572.160, "dur": 0.024,
    "args": {
      "Python parent id": 70, "Python id": 73, "Ev Idx": 75
    }
  },
  {
    "ph": "X", "cat": "python_function", "name": "torch/_jit_internal.py(103): is_scripting", "pid": 1215196, "tid": 1215196,
    "ts": 6141676293572.573, "dur": 0.044,
    "args": {
      "Python parent id": 70, "Python id": 74, "Ev Idx": 76
    }
  },
  {
    "ph": "X", "cat": "python_function", "name": "torch/_utils.py(747): _get_current_device_index", "pid": 1215196, "tid": 1215196,
    "ts": 6141676293574.550, "dur": 884.083,
    "args": {
      "Python parent id": 70, "Python id": 75, "Ev Idx": 77
    }
  },
  {
    "ph": "X", "cat": "python_function", "name": "torch/_utils.py(733): _get_device_attr", "pid": 1215196, "tid": 1215196,
    "ts": 6141676293584.004, "dur": 874.353,
    "args": {
      "Python parent id": 75, "Python id": 76, "Ev Idx": 78
    }
  },
  {
    "ph": "X", "cat": "python_function", "name": "torch/_utils.py(718): _get_available_device_type", "pid": 1215196, "tid": 1215196,
    "ts": 6141676293587.311, "dur": 17.770,
    "args": {
      "Python parent id": 76, "Python id": 77, "Ev Idx": 79
    }
  },
  {
    "ph": "X", "cat": "python_function", "name": "torch/cuda/__init__.py(116): is_available", "pid": 1215196, "tid": 1215196,
    "ts": 6141676293588.882, "dur": 16.121,
    "args": {
      "Python parent id": 77, "Python id": 78, "Ev Idx": 80
    }
  },
  {
    "ph": "X", "cat": "python_function", "name": "torch/cuda/__init__.py(107): _is_compiled", "pid": 1215196, "tid": 1215196,
    "ts": 6141676293589.608, "dur": 0.582,
    "args": {
      "Python parent id": 78, "Python id": 79, "Ev Idx": 81
    }
  },
  {
    "ph": "X", "cat": "python_function", "name": "<built-in function hasattr>", "pid": 1215196, "tid": 1215196,
    "ts": 6141676293589.929, "dur": 0.223,
    "args": {
      "Python parent id": 79, "Python id": 80, "Ev Idx": 82
    }
  },
  {
    "ph": "X", "cat": "python_function", "name": "torch/cuda/__init__.py(112): _nvml_based_avail", "pid": 1215196, "tid": 1215196,
    "ts": 6141676293591.039, "dur": 12.465,
    "args": {
      "Python parent id": 78, "Python id": 81, "Ev Idx": 83
    }
  },
  {
    "ph": "X", "cat": "python_function", "name": "<frozen os>(773): getenv", "pid": 1215196, "tid": 1215196,
    "ts": 6141676293592.203, "dur": 11.107,
    "args": {
      "Python parent id": 81, "Python id": 82, "Ev Idx": 84
    }
  },
  {
    "ph": "X", "cat": "python_function", "name": "<frozen _collections_abc>(771): get", "pid": 1215196, "tid": 1215196,
    "ts": 6141676293593.672, "dur": 9.554,
    "args": {
      "Python parent id": 82, "Python id": 83, "Ev Idx": 85
    }
  },
  {
    "ph": "X", "cat": "python_function", "name": "<frozen os>(674): __getitem__", "pid": 1215196, "tid": 1215196,
    "ts": 6141676293596.140, "dur": 6.179,
    "args": {
      "Python parent id": 83, "Python id": 84, "Ev Idx": 86
    }
  },
  {
    "ph": "X", "cat": "python_function", "name": "<frozen os>(756): encode", "pid": 1215196, "tid": 1215196,
    "ts": 6141676293597.661, "dur": 2.617,
    "args": {
      "Python parent id": 84, "Python id": 85, "Ev Idx": 87
    }
  },
  {
    "ph": "X", "cat": "python_function", "name": "<built-in function isinstance>", "pid": 1215196, "tid": 1215196,
    "ts": 6141676293598.074, "dur": 0.040,
    "args": {
      "Python parent id": 85, "Python id": 86, "Ev Idx": 88
    }
  },
  {
    "ph": "X", "cat": "python_function", "name": "<built-in method encode of str object at 0x7fe07c52df20>", "pid": 1215196, "tid": 1215196,
    "ts": 6141676293599.859, "dur": 0.354,
    "args": {
      "Python parent id": 85, "Python id": 87, "Ev Idx": 89
    }
  },
  {
    "ph": "X", "cat": "python_function", "name": "<built-in function _cuda_getDeviceCount>", "pid": 1215196, "tid": 1215196,
    "ts": 6141676293604.418, "dur": 0.408,
    "args": {
      "Python parent id": 78, "Python id": 88, "Ev Idx": 90
    }
  },
  {
    "ph": "X", "cat": "python_function", "name": "<built-in method lower of str object at 0x7fe14c744d70>", "pid": 1215196, "tid": 1215196,
    "ts": 6141676293612.353, "dur": 0.323,
    "args": {
      "Python parent id": 76, "Python id": 89, "Ev Idx": 91
    }
  },
  {
    "ph": "X", "cat": "python_function", "name": "torch/_utils.py(749): <lambda>", "pid": 1215196, "tid": 1215196,
    "ts": 6141676293613.439, "dur": 844.720,
    "args": {
      "Python parent id": 76, "Python id": 90, "Ev Idx": 92
    }
  },
  {
    "ph": "X", "cat": "python_function", "name": "torch/cuda/__init__.py(938): current_device", "pid": 1215196, "tid": 1215196,
    "ts": 6141676293615.972, "dur": 841.790,
    "args": {
      "Python parent id": 90, "Python id": 91, "Ev Idx": 93
    }
  },
  {
    "ph": "X", "cat": "python_function", "name": "torch/cuda/__init__.py(289): _lazy_init", "pid": 1215196, "tid": 1215196,
    "ts": 6141676293616.558, "dur": 0.818,
    "args": {
      "Python parent id": 91, "Python id": 92, "Ev Idx": 94
    }
  },
  {
    "ph": "X", "cat": "python_function", "name": "torch/cuda/__init__.py(242): is_initialized", "pid": 1215196, "tid": 1215196,
    "ts": 6141676293616.997, "dur": 0.288,
    "args": {
      "Python parent id": 92, "Python id": 93, "Ev Idx": 95
    }
  },
  {
    "ph": "X", "cat": "python_function", "name": "<built-in function _cuda_isInBadFork>", "pid": 1215196, "tid": 1215196,
    "ts": 6141676293617.152, "dur": 0.083,
    "args": {
      "Python parent id": 93, "Python id": 94, "Ev Idx": 96
    }
  },
  {
    "ph": "X", "cat": "python_function", "name": "<built-in function _cuda_getDevice>", "pid": 1215196, "tid": 1215196,
    "ts": 6141676293619.563, "dur": 838.034,
    "args": {
      "Python parent id": 91, "Python id": 95, "Ev Idx": 97
    }
  },
  {
    "ph": "X", "cat": "python_function", "name": "torch/cuda/__init__.py(443): __enter__", "pid": 1215196, "tid": 1215196,
    "ts": 6141676294465.988, "dur": 9.911,
    "args": {
      "Python parent id": 59, "Python id": 96, "Ev Idx": 98
    }
  },
  {
    "ph": "X", "cat": "python_function", "name": "<built-in function _cuda_exchangeDevice>", "pid": 1215196, "tid": 1215196,
    "ts": 6141676294468.511, "dur": 7.228,
    "args": {
      "Python parent id": 96, "Python id": 97, "Ev Idx": 99
    }
  },
  {
    "ph": "X", "cat": "python_function", "name": "<built-in function _cuda_synchronize>", "pid": 1215196, "tid": 1215196,
    "ts": 6141676294478.286, "dur": 12.117,
    "args": {
      "Python parent id": 59, "Python id": 98, "Ev Idx": 100
    }
  },
  {
    "ph": "X", "cat": "python_function", "name": "torch/cuda/__init__.py(446): __exit__", "pid": 1215196, "tid": 1215196,
    "ts": 6141676294491.369, "dur": 18.252,
    "args": {
      "Python parent id": 59, "Python id": 99, "Ev Idx": 101
    }
  },
  {
    "ph": "X", "cat": "python_function", "name": "<built-in function _cuda_maybeExchangeDevice>", "pid": 1215196, "tid": 1215196,
    "ts": 6141676294492.478, "dur": 0.718,
    "args": {
      "Python parent id": 99, "Python id": 100, "Ev Idx": 102
    }
  },
  {
    "ph": "X", "cat": "python_function", "name": "<built-in function perf_counter_ns>", "pid": 1215196, "tid": 1215196,
    "ts": 6141676294498.487, "dur": 0.595,
    "args": {
      "Python parent id": 99, "Python id": 101, "Ev Idx": 103
    }
  },
  {
    "ph": "X", "cat": "python_function", "name": "<built-in method _disable_profiler of PyCapsule object at 0x7fe07bcca8b0>", "pid": 1215196, "tid": 1215196,
    "ts": 6141676294501.231, "dur": 8.390,
    "args": {
      "Python parent id": 99, "Python id": 102, "Ev Idx": 104
    }
  },
  {
    "ph": "X", "cat": "cuda_runtime", "name": "cudaDeviceSynchronize", "pid": 1215196, "tid": 1215196,
    "ts": 6141676294479.392, "dur": 10.580,
    "args": {
      "External id": 3,      "cbid": 165, "correlation": 3
    }
  },
  {
    "ph": "s", "id": 3, "pid": 1215196, "tid": 1215196, "ts": 6141676294479.392,
    "cat": "ac2g", "name": "ac2g"
  },
  {
    "name": "process_name", "ph": "M", "ts": 6141676292730.205, "pid": 1215196, "tid": 0,
    "args": {
      "name": "python"
    }
  },
  {
    "name": "process_labels", "ph": "M", "ts": 6141676292730.205, "pid": 1215196, "tid": 0,
    "args": {
      "labels": "CPU"
    }
  },
  {
    "name": "process_sort_index", "ph": "M", "ts": 6141676292730.205, "pid": 1215196, "tid": 0,
    "args": {
      "sort_index": 1215196
    }
  },
  {
    "name": "process_name", "ph": "M", "ts": 6141676292730.205, "pid": 0, "tid": 0,
    "args": {
      "name": "python"
    }
  },
  {
    "name": "process_labels", "ph": "M", "ts": 6141676292730.205, "pid": 0, "tid": 0,
    "args": {
      "labels": "GPU 0"
    }
  },
  {
    "name": "process_sort_index", "ph": "M", "ts": 6141676292730.205, "pid": 0, "tid": 0,
    "args": {
      "sort_index": 5000000
    }
  },
  {
    "name": "process_name", "ph": "M", "ts": 6141676292730.205, "pid": 1, "tid": 0,
    "args": {
      "name": "python"
    }
  },
  {
    "name": "process_labels", "ph": "M", "ts": 6141676292730.205, "pid": 1, "tid": 0,
    "args": {
      "labels": "GPU 1"
    }
  },
  {
    "name": "process_sort_index", "ph": "M", "ts": 6141676292730.205, "pid": 1, "tid": 0,
    "args": {
      "sort_index": 5000001
    }
  },
  {
    "name": "process_name", "ph": "M", "ts": 6141676292730.205, "pid": 2, "tid": 0,
    "args": {
      "name": "python"
    }
  },
  {
    "name": "process_labels", "ph": "M", "ts": 6141676292730.205, "pid": 2, "tid": 0,
    "args": {
      "labels": "GPU 2"
    }
  },
  {
    "name": "process_sort_index", "ph": "M", "ts": 6141676292730.205, "pid": 2, "tid": 0,
    "args": {
      "sort_index": 5000002
    }
  },
  {
    "name": "process_name", "ph": "M", "ts": 6141676292730.205, "pid": 3, "tid": 0,
    "args": {
      "name": "python"
    }
  },
  {
    "name": "process_labels", "ph": "M", "ts": 6141676292730.205, "pid": 3, "tid": 0,
    "args": {
      "labels": "GPU 3"
    }
  },
  {
    "name": "process_sort_index", "ph": "M", "ts": 6141676292730.205, "pid": 3, "tid": 0,
    "args": {
      "sort_index": 5000003
    }
  },
  {
    "name": "process_name", "ph": "M", "ts": 6141676292730.205, "pid": 4, "tid": 0,
    "args": {
      "name": "python"
    }
  },
  {
    "name": "process_labels", "ph": "M", "ts": 6141676292730.205, "pid": 4, "tid": 0,
    "args": {
      "labels": "GPU 4"
    }
  },
  {
    "name": "process_sort_index", "ph": "M", "ts": 6141676292730.205, "pid": 4, "tid": 0,
    "args": {
      "sort_index": 5000004
    }
  },
  {
    "name": "process_name", "ph": "M", "ts": 6141676292730.205, "pid": 5, "tid": 0,
    "args": {
      "name": "python"
    }
  },
  {
    "name": "process_labels", "ph": "M", "ts": 6141676292730.205, "pid": 5, "tid": 0,
    "args": {
      "labels": "GPU 5"
    }
  },
  {
    "name": "process_sort_index", "ph": "M", "ts": 6141676292730.205, "pid": 5, "tid": 0,
    "args": {
      "sort_index": 5000005
    }
  },
  {
    "name": "process_name", "ph": "M", "ts": 6141676292730.205, "pid": 6, "tid": 0,
    "args": {
      "name": "python"
    }
  },
  {
    "name": "process_labels", "ph": "M", "ts": 6141676292730.205, "pid": 6, "tid": 0,
    "args": {
      "labels": "GPU 6"
    }
  },
  {
    "name": "process_sort_index", "ph": "M", "ts": 6141676292730.205, "pid": 6, "tid": 0,
    "args": {
      "sort_index": 5000006
    }
  },
  {
    "name": "process_name", "ph": "M", "ts": 6141676292730.205, "pid": 7, "tid": 0,
    "args": {
      "name": "python"
    }
  },
  {
    "name": "process_labels", "ph": "M", "ts": 6141676292730.205, "pid": 7, "tid": 0,
    "args": {
      "labels": "GPU 7"
    }
  },
  {
    "name": "process_sort_index", "ph": "M", "ts": 6141676292730.205, "pid": 7, "tid": 0,
    "args": {
      "sort_index": 5000007
    }
  },
  {
    "name": "process_name", "ph": "M", "ts": 6141676292730.205, "pid": 8, "tid": 0,
    "args": {
      "name": "python"
    }
  },
  {
    "name": "process_labels", "ph": "M", "ts": 6141676292730.205, "pid": 8, "tid": 0,
    "args": {
      "labels": "GPU 8"
    }
  },
  {
    "name": "process_sort_index", "ph": "M", "ts": 6141676292730.205, "pid": 8, "tid": 0,
    "args": {
      "sort_index": 5000008
    }
  },
  {
    "name": "process_name", "ph": "M", "ts": 6141676292730.205, "pid": 9, "tid": 0,
    "args": {
      "name": "python"
    }
  },
  {
    "name": "process_labels", "ph": "M", "ts": 6141676292730.205, "pid": 9, "tid": 0,
    "args": {
      "labels": "GPU 9"
    }
  },
  {
    "name": "process_sort_index", "ph": "M", "ts": 6141676292730.205, "pid": 9, "tid": 0,
    "args": {
      "sort_index": 5000009
    }
  },
  {
    "name": "process_name", "ph": "M", "ts": 6141676292730.205, "pid": 10, "tid": 0,
    "args": {
      "name": "python"
    }
  },
  {
    "name": "process_labels", "ph": "M", "ts": 6141676292730.205, "pid": 10, "tid": 0,
    "args": {
      "labels": "GPU 10"
    }
  },
  {
    "name": "process_sort_index", "ph": "M", "ts": 6141676292730.205, "pid": 10, "tid": 0,
    "args": {
      "sort_index": 5000010
    }
  },
  {
    "name": "process_name", "ph": "M", "ts": 6141676292730.205, "pid": 11, "tid": 0,
    "args": {
      "name": "python"
    }
  },
  {
    "name": "process_labels", "ph": "M", "ts": 6141676292730.205, "pid": 11, "tid": 0,
    "args": {
      "labels": "GPU 11"
    }
  },
  {
    "name": "process_sort_index", "ph": "M", "ts": 6141676292730.205, "pid": 11, "tid": 0,
    "args": {
      "sort_index": 5000011
    }
  },
  {
    "name": "process_name", "ph": "M", "ts": 6141676292730.205, "pid": 12, "tid": 0,
    "args": {
      "name": "python"
    }
  },
  {
    "name": "process_labels", "ph": "M", "ts": 6141676292730.205, "pid": 12, "tid": 0,
    "args": {
      "labels": "GPU 12"
    }
  },
  {
    "name": "process_sort_index", "ph": "M", "ts": 6141676292730.205, "pid": 12, "tid": 0,
    "args": {
      "sort_index": 5000012
    }
  },
  {
    "name": "process_name", "ph": "M", "ts": 6141676292730.205, "pid": 13, "tid": 0,
    "args": {
      "name": "python"
    }
  },
  {
    "name": "process_labels", "ph": "M", "ts": 6141676292730.205, "pid": 13, "tid": 0,
    "args": {
      "labels": "GPU 13"
    }
  },
  {
    "name": "process_sort_index", "ph": "M", "ts": 6141676292730.205, "pid": 13, "tid": 0,
    "args": {
      "sort_index": 5000013
    }
  },
  {
    "name": "process_name", "ph": "M", "ts": 6141676292730.205, "pid": 14, "tid": 0,
    "args": {
      "name": "python"
    }
  },
  {
    "name": "process_labels", "ph": "M", "ts": 6141676292730.205, "pid": 14, "tid": 0,
    "args": {
      "labels": "GPU 14"
    }
  },
  {
    "name": "process_sort_index", "ph": "M", "ts": 6141676292730.205, "pid": 14, "tid": 0,
    "args": {
      "sort_index": 5000014
    }
  },
  {
    "name": "process_name", "ph": "M", "ts": 6141676292730.205, "pid": 15, "tid": 0,
    "args": {
      "name": "python"
    }
  },
  {
    "name": "process_labels", "ph": "M", "ts": 6141676292730.205, "pid": 15, "tid": 0,
    "args": {
      "labels": "GPU 15"
    }
  },
  {
    "name": "process_sort_index", "ph": "M", "ts": 6141676292730.205, "pid": 15, "tid": 0,
    "args": {
      "sort_index": 5000015
    }
  },
  {
    "name": "thread_name", "ph": "M", "ts": 6141676292730.205, "pid": 0, "tid": 0,
    "args": {
      "name": "thread 0 (python)"
    }
  },
  {
    "name": "thread_sort_index", "ph": "M", "ts": 6141676292730.205, "pid": 0, "tid": 0,
    "args": {
      "sort_index": 0
    }
  },
  {
    "name": "thread_name", "ph": "M", "ts": 6141676292730.205, "pid": 1215196, "tid": 1215196,
    "args": {
      "name": "thread 1215196 (python)"
    }
  },
  {
    "name": "thread_sort_index", "ph": "M", "ts": 6141676292730.205, "pid": 1215196, "tid": 1215196,
    "args": {
      "sort_index": 1215196
    }
  },
  {
    "name": "thread_name", "ph": "M", "ts": 6141676292730.205, "pid": 1215196, "tid": 1215196,
    "args": {
      "name": "thread 1215196 (python)"
    }
  },
  {
    "name": "thread_sort_index", "ph": "M", "ts": 6141676292730.205, "pid": 1215196, "tid": 1215196,
    "args": {
      "sort_index": 1215196
    }
  },
  {
    "ph": "X", "cat": "Trace", "ts": 6141676292607.707, "dur": 1901.914,
    "pid": "Spans", "tid": "PyTorch Profiler",
    "name": "PyTorch Profiler (0)",
    "args": {
      "Op count": 0
    }
  },
  {
    "name": "process_sort_index", "ph": "M", "ts": 6141676292607.707,
    "pid": "Spans", "tid": 0,
    "args": {
      "sort_index": 536870912
    }
  },
  {
    "name": "Iteration Start: PyTorch Profiler", "ph": "i", "s": "g",
    "pid": "Traces", "tid": "Trace PyTorch Profiler", "ts": 6141676292607.707
  },
  {
    "name": "Record Window End", "ph": "i", "s": "g",
    "pid": "", "tid": "", "ts": 6141676295205.644
  }
  ],
  "traceName": "./log/pytorch/classt22_1215196.1733884798304285972.pt.trace.json",
  "displayTimeUnit": "ms",
  "baseTimeNanoseconds": 1727743122000000000
}